<?xml version="1.0" encoding="UTF-8" ?>
<CycloneDDS xmlns="https://cdds.io/config"
  xmlns:xsi="http://www.w3.org/2001/XMLSchema-instance" xsi:schemaLocation="https://cdds.io/config https://raw.githubusercontent.com/eclipse-cyclonedds/cyclonedds/master/etc/cyclonedds.xsd">
  <Domain id="any">
    <General>
      <NetworkInterfaceAddress>lo</NetworkInterfaceAddress>
      <AllowMulticast>false</AllowMulticast>
      <MaxMessageSize>65507B</MaxMessageSize>
      <FragmentSize>16384B</FragmentSize>
    </General>
    <Discovery>
      <ParticipantIndex>auto</ParticipantIndex>
      <Peers>
        <Peer Address="127.0.0.1"/>
      </Peers>
      <MaxAutoParticipantIndex>120</MaxAutoParticipantIndex>
    </Discovery>
    <Tracing>
      <Verbosity>info</Verbosity>
      <OutputFile>stdout</OutputFile>
    </Tracing>
  </Domain>
  <Domain id="42">
    <General>
      <NetworkInterfaceAddress>lo</NetworkInterfaceAddress>
      <AllowMulticast>true</AllowMulticast>
      <MaxMessageSize>65507B</MaxMessageSize>
      <FragmentSize>16384B</FragmentSize>
    </General>
    <Tracing>
      <Verbosity>info</Verbosity>
      <OutputFile>stdout</OutputFile>
    </Tracing>
  </Domain>
  <Domain id="69">
    <General>
      <NetworkInterfaceAddress>auto</NetworkInterfaceAddress>
      <AllowMulticast>default</AllowMulticast>
    </General>
    <Tracing>
      <Verbosity>info</Verbosity>
      <OutputFile>stdout</OutputFile>
    </Tracing>
  </Domain>
</CycloneDDS>
